{"log10_A": [[-14.55773941055431, 0.28710670471029687, 0.15944751963731996], [-14.73616954124613, 0.7429465851381227, 0.2823931003800766], [-14.333942679258637, 0.27012062552203986, 0.3631328095386728], [-16.864686375819034, 0.10119198738596324, 2.188379404258047], [-13.262653580001656, 0.5175296977126536, 0.1883288632616935], [-12.852006121417311, 0.06407341832528246, 0.0704092364407618], [-14.339925587299662, 1.2895687135956724, 0.4206271612605992], [-13.03693413483056, 0.06816313344056368, 0.06539746992458895], [-14.261916837114448, 2.2302238914776424, 0.25619062225759315]], "gamma": [[2.9908729349183014, 0.1775301211290925, 1.3643782561051188], [4.048060185816995, 0.6897251042422381, 1.710653987542237], [5.391410848980874, 0.7278061115661973, 1.034765088440853], [7.489400529752117, 2.3545364830830193, 1.7576412539711894], [5.017114440096696, 0.44002640137330573, 1.3846669296093976], [0.9776983157535822, 0.25450412115564014, 0.28996303790131994], [3.8136446265188986, 0.7355457510282597, 3.0172815198455916], [1.092921369295437, 0.27085838521536865, 0.3434744934805507], [4.171796526432747, 0.48956045112215074, 4.06130945068292]]}