{"log10_A": [[-14.73699686268193, 0.4280299562575465, 1.1360022810622095], [-16.070107445028682, 0.8673618801856051, 1.8138963221025506], [-12.853829489779903, 0.07980069740624174, 0.07640907681377485], [-13.404694995593532, 0.09629793628111472, 0.08924492022578967], [-13.276031013762141, 0.06767668498683044, 0.10866895301419532], [-13.506838799247326, 0.16430642725414302, 0.10492696548078939], [-13.800354956867574, 0.07293422360191038, 0.07815142080568371], [-13.466255931092451, 0.10287672452928831, 0.19176447141217778], [-13.416101527133378, 0.08183065914363752, 0.0973537640312312], [-13.564047783272239, 0.01948750205094818, 0.16745944609502494], [-13.568942722568838, 0.1913986542740993, 0.20885813852995483], [-14.489575404091106, 0.6471384172751495, 0.22621319690804143], [-13.159078843269057, 3.2860054480962475, 0.1036260909144282], [-12.057092074452195, 0.057995810227025046, 0.06618824714499816], [-12.055524221084964, 0.0403985218609062, 0.04157122051243256], [-12.610047351961454, 0.09878975211323926, 0.07803433583099384]], "gamma": [[7.17741271968757, 2.598571606134109, 1.9681874515297988], [8.40025533733644, 4.26204089469023, 0.5562891663389671], [2.4255088040339174, 0.24403697842316951, 0.47354678251526927], [1.1298355991432332, 0.43577738158727053, 0.3796432109735193], [1.1782912031686936, 0.339160408836077, 0.5408945878116067], [1.8809251578065607, 0.20185611440098783, 0.874213899549805], [2.8962742494875116, 0.227244057831133, 0.4308859888786776], [0.40622233865734964, 0.30032579371314433, 0.5691744224237218], [0.6447249846891818, 0.20523342162547875, 0.469428433643887], [1.0023123470019402, 0.1958031118698189, 0.5375211169204095], [1.6046234286959145, 0.21912935356370378, 1.3538119521806395], [4.183300110986096, 0.9084256857182123, 1.2181448921332505], [3.1309728727042163, 1.5699798642523337, 4.330959662288499], [1.0050908032814299, 0.19320324115218468, 0.31805027963856025], [2.334692436514052, 0.18586251324967895, 0.2999020724551813], [1.8526003694914062, 0.2836597719224132, 0.3637256995735654]]}