{"log10_A": [[-13.669007936915078, 1.3088003690651657, 0.11239234805291787], [-13.586272999381112, 0.2337661680736467, 0.21005223562582387], [-13.143863669529523, 0.09491787210147251, 0.08538635256160632], [-13.500158712556521, 0.03897053084268087, 0.03598136623692483], [-13.701582019708983, 0.04287661251512276, 0.039256523389139986], [-13.621101136867278, 0.11419511882078126, 0.05372503705925169], [-13.790638268554105, 0.08750619825319461, 0.05148426254830518], [-13.41271475903486, 0.7304447571178017, 0.0632916617574324], [-13.902922679940765, 0.06313182661909345, 0.09187944601476516], [-13.466765430631465, 0.10030649215142695, 0.0802780518458448], [-12.93770808518975, 0.03357658791605367, 0.03706377722747156], [-13.36070938867286, 0.253834573173485, 0.10284979254821813], [-12.977583619262344, 1.342047796212059, 0.10658344383295848], [-12.455370466160804, 0.04853600225565202, 0.04673730183619895], [-12.701696387808646, 1.8585831763071639, 0.12221798870845646], [-13.523429101155324, 0.7822219494783074, 0.12675065545455766], [-13.20227608540587, 0.3100345371675939, 0.13773226549733764], [-13.13500679042449, 0.07644123581212803, 0.08345095187375229], [-13.228226773066616, 0.10942777420016014, 0.08233314126535518], [-13.285429796656155, 0.45938707115560895, 0.13920476299306195], [-13.34886268091891, 4.400845496517071, 0.11489821073245032], [-14.054633975133626, 2.0476349140324217, 0.10605643444090518], [-15.792613176175685, 1.4864915621567327, 1.69595341518189]], "gamma": [[1.2049608215284664, 0.03882278895126756, 3.2868060198776092], [1.4005592957729471, 0.17530297273870854, 1.2762248798382834], [3.067940257819524, 0.2672095710726201, 0.48872761917712326], [2.783755353719972, 0.14411318690802766, 0.15880963094011502], [1.4685169677458947, 0.20656652077605275, 0.13049849244360412], [1.78077283658319, 0.19481680022726744, 0.44070835196132707], [1.9193930379186557, 0.20773632629188565, 0.39307856600583646], [1.7242668694720014, 0.4981153237884246, 1.718789738584561], [1.8039018170566417, 0.32534434830370307, 0.42535706482473756], [1.5668366308035944, 0.22091545821073377, 0.6490373967958984], [2.7138699926284136, 0.13037801791367043, 0.1863945991451761], [2.377566691452887, 0.2510845356916813, 0.9587503201872654], [2.983303857088517, 0.24098781543583891, 4.276406026047065], [2.5559074742320207, 0.16320168100030763, 0.3313458334341859], [2.6966096430124997, 1.9935342759062036, 4.631812748076389], [2.388545046524757, 0.09555441424510525, 2.261097133841801], [3.009442464814874, 0.29207301714572953, 1.1667210236461503], [2.116221678792053, 0.15211245947820018, 0.4262160019561092], [2.1159826208625043, 0.08497078123607649, 0.6436342396218091], [3.0575068989472967, 0.3767579404430932, 2.0852062075848177], [1.7999953005888885, 0.45849248681213917, 3.769631620364932], [3.962300853988784, 0.2287051710133743, 4.012284251874442], [6.236071362219872, 3.0958268096661112, 2.626217772788368]]}