{"log10_A": [[-14.414607819092828, 0.1195353349256063, 0.0597727963543182], [-13.898236051873143, 0.10743357662593134, 0.05424217244196505], [-12.35661352756151, 0.035699793268236135, 0.041968090439642225], [-12.964713542144308, 0.031700835368353, 0.07038906808890388], [-14.025406902546573, 0.04721411504537443, 0.06872773406809429]], "gamma": [[2.426888409542208, 0.35720823594689666, 0.43330196983137137], [1.5282771357492995, 0.1001327236001226, 0.4216611603307374], [2.7965972307830205, 0.1581063832338261, 0.29474085053770516], [3.204108597679067, 0.2446666844106078, 0.39380366576920967], [2.020061571817405, 0.17911789983403947, 0.296765461698155]]}