{
    "J0437-4715_0_magnexp__idx": 0.4257147497466019,
    "J0437-4715_0_magnexp__log10_Amp": -6.302840431334452,
    "J0437-4715_0_magnexp__log10_tau": 2.1762989491448765,
    "J0437-4715_0_magnexp__t0": 57080.77195329371,
    "J0437-4715_CASPSR_40CM_efac": 0.7430934464857502,
    "J0437-4715_CASPSR_40CM_log10_equad": -8.20890044773843,
    "J0437-4715_CPSR2_10CM_efac": 1.1394645851791254,
    "J0437-4715_CPSR2_10CM_log10_equad": -6.602670339806825,
    "J0437-4715_CPSR2_20CM_efac": 2.3071643789004312,
    "J0437-4715_CPSR2_20CM_log10_equad": -6.7928773256385755,
    "J0437-4715_CPSR2_50CM_efac": 1.120916497680611,
    "J0437-4715_CPSR2_50CM_log10_equad": -8.499957994720189,
    "J0437-4715_PDFB1_10CM_efac": 0.72575092805256,
    "J0437-4715_PDFB1_10CM_log10_equad": -6.6652497106773065,
    "J0437-4715_PDFB1_1433_efac": 3.339282613815889,
    "J0437-4715_PDFB1_1433_log10_equad": -8.422054371246592,
    "J0437-4715_PDFB1_20CM_efac": 2.640138126930894,
    "J0437-4715_PDFB1_20CM_log10_equad": -8.219148134553391,
    "J0437-4715_PDFB1_early_10CM_efac": 1.822094720576834,
    "J0437-4715_PDFB1_early_10CM_log10_equad": -6.503034566469395,
    "J0437-4715_PDFB1_early_20CM_efac": 0.5489391050050172,
    "J0437-4715_PDFB1_early_20CM_log10_equad": -6.368778664920558,
    "J0437-4715_PDFB_10CM_efac": 0.6816593948372891,
    "J0437-4715_PDFB_10CM_log10_equad": -7.301953796600073,
    "J0437-4715_PDFB_20CM_efac": 0.6712117608699115,
    "J0437-4715_PDFB_20CM_log10_equad": -7.699365238138715,
    "J0437-4715_PDFB_40CM_efac": 0.630713300018237,
    "J0437-4715_PDFB_40CM_log10_equad": -8.285427497814535,
    "J0437-4715_WBCORR_10CM_efac": 1.8724442543483444,
    "J0437-4715_WBCORR_10CM_log10_equad": -6.467787418581605,
    "J0437-4715_dm_gp_gamma": 2.232501760942989,
    "J0437-4715_dm_gp_log10_A": -13.444534878013922,
    "J0437-4715_red_noise_gamma": 0.9616245247623273,
    "J0437-4715_red_noise_log10_A": -13.810820553161747,
    "nmodel": 0.20000409065131997
}