{
    "J0613-0200_CASPSR_40CM_efac": 1.0963337351920075,
    "J0613-0200_CASPSR_40CM_log10_equad": -6.678497476766238,
    "J0613-0200_CPSR2_20CM_efac": 1.0695491695906685,
    "J0613-0200_CPSR2_20CM_log10_equad": -8.00419509115925,
    "J0613-0200_CPSR2_50CM_efac": 1.0702451558871777,
    "J0613-0200_CPSR2_50CM_log10_equad": -6.458559435186336,
    "J0613-0200_PDFB1_10CM_efac": 1.0151754387266072,
    "J0613-0200_PDFB1_10CM_log10_equad": -6.001985325378087,
    "J0613-0200_PDFB1_1433_efac": 0.832876538637893,
    "J0613-0200_PDFB1_1433_log10_equad": -5.926752151176071,
    "J0613-0200_PDFB1_20CM_efac": 0.9053347267914209,
    "J0613-0200_PDFB1_20CM_log10_equad": -7.247027068124784,
    "J0613-0200_PDFB1_early_10CM_efac": 0.7278669987728551,
    "J0613-0200_PDFB1_early_10CM_log10_equad": -8.467064379552793,
    "J0613-0200_PDFB1_early_20CM_efac": 1.0750922662753697,
    "J0613-0200_PDFB1_early_20CM_log10_equad": -6.043235688311032,
    "J0613-0200_PDFB_10CM_efac": 1.0940011210756522,
    "J0613-0200_PDFB_10CM_log10_equad": -5.968081645737487,
    "J0613-0200_PDFB_20CM_efac": 1.0554876920849463,
    "J0613-0200_PDFB_20CM_log10_equad": -8.451543668722246,
    "J0613-0200_PDFB_40CM_efac": 1.0616745244250285,
    "J0613-0200_PDFB_40CM_log10_equad": -6.346517994752817,
    "J0613-0200_WBCORR_10CM_efac": 1.602333160497315,
    "J0613-0200_WBCORR_10CM_log10_equad": -5.422688365973878,
    "J0613-0200_dm_gp_gamma": 1.7970261306436832,
    "J0613-0200_dm_gp_log10_A": -13.316021755536363,
    "J0613-0200_red_noise_gamma": 6.0904923591921,
    "J0613-0200_red_noise_log10_A": -14.808098972573497,
    "nmodel": 0.37999995125729136
}