{
    "J0711-6830_CASPSR_40CM_efac": 1.142933147982235,
    "J0711-6830_CASPSR_40CM_log10_equad": -8.28849749126981,
    "J0711-6830_CPSR2_20CM_efac": 1.0621733472107224,
    "J0711-6830_CPSR2_20CM_log10_equad": -6.079185901830138,
    "J0711-6830_CPSR2_50CM_efac": 1.0955178720561944,
    "J0711-6830_CPSR2_50CM_log10_equad": -7.6038756759187835,
    "J0711-6830_PDFB1_10CM_efac": 0.9820678955293694,
    "J0711-6830_PDFB1_10CM_log10_equad": -5.175051939925576,
    "J0711-6830_PDFB1_1433_efac": 1.086715268944649,
    "J0711-6830_PDFB1_1433_log10_equad": -7.821423675518565,
    "J0711-6830_PDFB1_20CM_efac": 1.0884858632280754,
    "J0711-6830_PDFB1_20CM_log10_equad": -8.342884060540399,
    "J0711-6830_PDFB1_early_10CM_efac": 0.9361394719471079,
    "J0711-6830_PDFB1_early_10CM_log10_equad": -5.245008996801008,
    "J0711-6830_PDFB1_early_20CM_efac": 1.0069696177825156,
    "J0711-6830_PDFB1_early_20CM_log10_equad": -7.464289030611336,
    "J0711-6830_PDFB_10CM_efac": 1.0321912583833615,
    "J0711-6830_PDFB_10CM_log10_equad": -5.959871793364654,
    "J0711-6830_PDFB_20CM_efac": 1.0486396017372377,
    "J0711-6830_PDFB_20CM_log10_equad": -8.499975108308927,
    "J0711-6830_PDFB_40CM_efac": 1.061946974928087,
    "J0711-6830_PDFB_40CM_log10_equad": -8.392684489716821,
    "J0711-6830_WBCORR_10CM_efac": 1.0334798005406687,
    "J0711-6830_WBCORR_10CM_log10_equad": -6.386734229094857,
    "J0711-6830_dm_gp_gamma": 6.722327162131715,
    "J0711-6830_dm_gp_log10_A": -13.88958994396922,
    "J0711-6830_red_noise_gamma": 1.0940922966500124,
    "J0711-6830_red_noise_log10_A": -13.029892447665992,
    "nmodel": -0.31999607161083266
}