{
    "J1017-7156_CASPSR_40CM_efac": 1.1165572857715251,
    "J1017-7156_CASPSR_40CM_log10_equad": -6.541119817324868,
    "J1017-7156_PDFB_10CM_efac": 0.9631217506052632,
    "J1017-7156_PDFB_10CM_log10_equad": -6.509634308311414,
    "J1017-7156_PDFB_20CM_efac": 1.0613842455894344,
    "J1017-7156_PDFB_20CM_log10_equad": -6.601855716385384,
    "J1017-7156_PDFB_40CM_efac": 1.0457861772232722,
    "J1017-7156_PDFB_40CM_log10_equad": -7.636073816096107,
    "J1017-7156_dm_gp_gamma": 2.7553890668011913,
    "J1017-7156_dm_gp_log10_A": -12.86348341059216,
    "J1017-7156_red_noise_gamma": 1.0270916669630068,
    "J1017-7156_red_noise_log10_A": -13.158494819983533,
    "nmodel": 0.4199995962274602
}