{
    "J1024-0719_CASPSR_40CM_efac": 1.053290772950382,
    "J1024-0719_CASPSR_40CM_log10_equad": -7.596907146869135,
    "J1024-0719_CPSR2_20CM_efac": 1.0581298647128836,
    "J1024-0719_CPSR2_20CM_log10_equad": -8.469173759721265,
    "J1024-0719_CPSR2_50CM_efac": 1.202865355713908,
    "J1024-0719_CPSR2_50CM_log10_equad": -6.158325359941548,
    "J1024-0719_PDFB1_10CM_efac": 0.9848924651230744,
    "J1024-0719_PDFB1_10CM_log10_equad": -5.245033642157114,
    "J1024-0719_PDFB1_1433_efac": 1.097056621883457,
    "J1024-0719_PDFB1_1433_log10_equad": -8.019343856680218,
    "J1024-0719_PDFB1_20CM_efac": 1.0117997099546774,
    "J1024-0719_PDFB1_20CM_log10_equad": -7.597905517101979,
    "J1024-0719_PDFB1_early_10CM_efac": 1.0462848854328421,
    "J1024-0719_PDFB1_early_10CM_log10_equad": -5.3850137103765725,
    "J1024-0719_PDFB1_early_20CM_efac": 0.9928540684896958,
    "J1024-0719_PDFB1_early_20CM_log10_equad": -8.099680347039122,
    "J1024-0719_PDFB_10CM_efac": 1.0136892345999267,
    "J1024-0719_PDFB_10CM_log10_equad": -7.8788706655875425,
    "J1024-0719_PDFB_20CM_efac": 1.086312467806499,
    "J1024-0719_PDFB_20CM_log10_equad": -6.591465574672274,
    "J1024-0719_PDFB_40CM_efac": 1.0474308397497036,
    "J1024-0719_PDFB_40CM_log10_equad": -8.252602230389458,
    "J1024-0719_WBCORR_10CM_efac": 1.09935357704617,
    "J1024-0719_WBCORR_10CM_log10_equad": -8.185031937983029,
    "J1024-0719_dm_gp_gamma": 3.9975205401308442,
    "J1024-0719_dm_gp_log10_A": -14.080033828291732,
    "J1024-0719_red_noise_gamma": 6.739997209411383,
    "J1024-0719_red_noise_log10_A": -14.483953030292206,
    "nmodel": -0.3799997521834083
}