{
    "J1022+1001_CASPSR_40CM_efac": 1.0340269667229862,
    "J1022+1001_CASPSR_40CM_log10_equad": -8.169705337053351,
    "J1022+1001_CPSR2_20CM_efac": 1.1308410845107484,
    "J1022+1001_CPSR2_20CM_log10_equad": -5.473822653269573,
    "J1022+1001_CPSR2_50CM_efac": 1.127422378112755,
    "J1022+1001_CPSR2_50CM_log10_equad": -8.288637748193905,
    "J1022+1001_PDFB1_10CM_efac": 1.094089063036927,
    "J1022+1001_PDFB1_10CM_log10_equad": -8.4998734339699,
    "J1022+1001_PDFB1_1433_efac": 1.1027848176472406,
    "J1022+1001_PDFB1_1433_log10_equad": -5.908077681510724,
    "J1022+1001_PDFB1_20CM_efac": 1.1979540609729293,
    "J1022+1001_PDFB1_20CM_log10_equad": -8.306507181065708,
    "J1022+1001_PDFB1_early_10CM_efac": 1.1260230952712849,
    "J1022+1001_PDFB1_early_10CM_log10_equad": -5.177732296007632,
    "J1022+1001_PDFB1_early_20CM_efac": 1.1086805939800048,
    "J1022+1001_PDFB1_early_20CM_log10_equad": -6.123594342265461,
    "J1022+1001_PDFB_10CM_efac": 0.8946262065002507,
    "J1022+1001_PDFB_10CM_log10_equad": -5.499820615813599,
    "J1022+1001_PDFB_20CM_efac": 1.170717926163839,
    "J1022+1001_PDFB_20CM_log10_equad": -6.190448305196042,
    "J1022+1001_PDFB_40CM_efac": 1.1651246487977347,
    "J1022+1001_PDFB_40CM_log10_equad": -6.71901688682234,
    "J1022+1001_WBCORR_10CM_efac": 1.1834417421579382,
    "J1022+1001_WBCORR_10CM_log10_equad": -8.43794231874029,
    "J1022+1001_dm_gp_gamma": 0.30599078203244834,
    "J1022+1001_dm_gp_log10_A": -13.053842563475678,
    "J1022+1001_red_noise_gamma": 0.1447088392312972,
    "J1022+1001_red_noise_log10_A": -12.720069357699995,
    "nmodel": -0.26999811838374715
}