{
    "J1045-4509_CASPSR_40CM_efac": 1.3324591229292784,
    "J1045-4509_CASPSR_40CM_log10_equad": -8.468865833222424,
    "J1045-4509_CPSR2_20CM_efac": 1.0479212099082824,
    "J1045-4509_CPSR2_20CM_log10_equad": -6.27828704969881,
    "J1045-4509_CPSR2_50CM_efac": 1.0601586712771358,
    "J1045-4509_CPSR2_50CM_log10_equad": -5.808084755465456,
    "J1045-4509_PDFB1_10CM_efac": 0.8587775231885151,
    "J1045-4509_PDFB1_10CM_log10_equad": -8.185012829708537,
    "J1045-4509_PDFB1_1433_efac": 0.9472139254564491,
    "J1045-4509_PDFB1_1433_log10_equad": -5.595697165868065,
    "J1045-4509_PDFB1_20CM_efac": 1.1662958288685266,
    "J1045-4509_PDFB1_20CM_log10_equad": -7.2951178898288305,
    "J1045-4509_PDFB1_early_10CM_efac": 1.0783414123998563,
    "J1045-4509_PDFB1_early_10CM_log10_equad": -5.070029767887696,
    "J1045-4509_PDFB1_early_20CM_efac": 1.2236215859453037,
    "J1045-4509_PDFB1_early_20CM_log10_equad": -7.103102436741559,
    "J1045-4509_PDFB_10CM_efac": 1.082299002357448,
    "J1045-4509_PDFB_10CM_log10_equad": -6.242181925849111,
    "J1045-4509_PDFB_20CM_efac": 0.9898131766696641,
    "J1045-4509_PDFB_20CM_log10_equad": -5.74723961482964,
    "J1045-4509_PDFB_40CM_efac": 1.118144155037983,
    "J1045-4509_PDFB_40CM_log10_equad": -5.698664660270948,
    "J1045-4509_WBCORR_10CM_efac": 1.06957392048987,
    "J1045-4509_WBCORR_10CM_log10_equad": -5.035000529150307,
    "J1045-4509_dm_gp_gamma": 2.853626664602828,
    "J1045-4509_dm_gp_log10_A": -12.41228957280139,
    "J1045-4509_red_noise_gamma": 1.610003990253728,
    "J1045-4509_red_noise_log10_A": -12.872018096358982,
    "nmodel": 0.3399913316750284
}