{
    "J1125-6014_CASPSR_40CM_efac": 1.1234683931410083,
    "J1125-6014_CASPSR_40CM_log10_equad": -8.362026300693113,
    "J1125-6014_PDFB1_20CM_efac": 1.3334703138603439,
    "J1125-6014_PDFB1_20CM_log10_equad": -5.518745869491136,
    "J1125-6014_PDFB1_early_20CM_efac": 0.6091904709274875,
    "J1125-6014_PDFB1_early_20CM_log10_equad": -5.840339763661878,
    "J1125-6014_PDFB_10CM_efac": 1.2994799796383714,
    "J1125-6014_PDFB_10CM_log10_equad": -8.499999798394757,
    "J1125-6014_PDFB_20CM_efac": 1.1482607647548402,
    "J1125-6014_PDFB_20CM_log10_equad": -6.114757024808968,
    "J1125-6014_dm_gp_gamma": 2.951209351791632,
    "J1125-6014_dm_gp_log10_A": -13.102739796563515,
    "J1125-6014_red_noise_gamma": 0.6880463843694211,
    "J1125-6014_red_noise_log10_A": -13.013516497153743,
    "nmodel": 0.06000040740389856
}