{
    "J1446-4701_CASPSR_40CM_efac": 1.1974310855646872,
    "J1446-4701_CASPSR_40CM_log10_equad": -5.673047303937323,
    "J1446-4701_PDFB_10CM_efac": 1.129486353509386,
    "J1446-4701_PDFB_10CM_log10_equad": -8.23546934192999,
    "J1446-4701_PDFB_20CM_efac": 1.0220711946184846,
    "J1446-4701_PDFB_20CM_log10_equad": -6.109089161575258,
    "J1446-4701_PDFB_40CM_efac": 0.8908158156835998,
    "J1446-4701_PDFB_40CM_log10_equad": -7.25329274361318,
    "J1446-4701_dm_gp_gamma": 0.9100525857737952,
    "J1446-4701_dm_gp_log10_A": -13.146111790078596,
    "J1446-4701_red_noise_gamma": 0.8400032131689052,
    "J1446-4701_red_noise_log10_A": -13.00963646893596,
    "nmodel": -0.020000497644432347
}