{
    "J1545-4550_CASPSR_40CM_efac": 1.0402184393101221,
    "J1545-4550_CASPSR_40CM_log10_equad": -5.45497945991588,
    "J1545-4550_PDFB_10CM_efac": 1.0296429426358356,
    "J1545-4550_PDFB_10CM_log10_equad": -6.4085267476415115,
    "J1545-4550_PDFB_20CM_efac": 0.9310225512226198,
    "J1545-4550_PDFB_20CM_log10_equad": -7.978876264771385,
    "J1545-4550_PDFB_40CM_efac": 1.4323969967923817,
    "J1545-4550_PDFB_40CM_log10_equad": -5.035026152504484,
    "J1545-4550_dm_gp_gamma": 3.1563659076492776,
    "J1545-4550_dm_gp_log10_A": -13.275121935880042,
    "J1545-4550_red_noise_gamma": 1.9600014941500217,
    "J1545-4550_red_noise_log10_A": -17.17989593408974,
    "nmodel": -0.4299950746259611
}