{
    "J1603-7202_CASPSR_40CM_efac": 1.1778510635090367,
    "J1603-7202_CASPSR_40CM_log10_equad": -7.892585994399298,
    "J1603-7202_CPSR2_20CM_efac": 1.029720760847686,
    "J1603-7202_CPSR2_20CM_log10_equad": -5.929179360832501,
    "J1603-7202_CPSR2_50CM_efac": 1.0468865435913448,
    "J1603-7202_CPSR2_50CM_log10_equad": -6.849888527342168,
    "J1603-7202_PDFB1_10CM_efac": 1.4363816626205161,
    "J1603-7202_PDFB1_10CM_log10_equad": -6.715108267048162,
    "J1603-7202_PDFB1_1433_efac": 1.1525351691141903,
    "J1603-7202_PDFB1_1433_log10_equad": -7.701018247606387,
    "J1603-7202_PDFB1_20CM_efac": 1.0405202737733756,
    "J1603-7202_PDFB1_20CM_log10_equad": -6.312454804342755,
    "J1603-7202_PDFB1_early_10CM_efac": 1.1081126953987446,
    "J1603-7202_PDFB1_early_10CM_log10_equad": -7.309996520859924,
    "J1603-7202_PDFB1_early_20CM_efac": 0.995764727116482,
    "J1603-7202_PDFB1_early_20CM_log10_equad": -6.25212892081671,
    "J1603-7202_PDFB_10CM_efac": 1.0058835664224535,
    "J1603-7202_PDFB_10CM_log10_equad": -7.617931655238247,
    "J1603-7202_PDFB_20CM_efac": 1.0488215280642128,
    "J1603-7202_PDFB_20CM_log10_equad": -6.3984431259024355,
    "J1603-7202_PDFB_40CM_efac": 1.0176384350351522,
    "J1603-7202_PDFB_40CM_log10_equad": -7.472280449297113,
    "J1603-7202_WBCORR_10CM_efac": 1.019817634825998,
    "J1603-7202_WBCORR_10CM_log10_equad": -7.905245844004568,
    "J1603-7202_dm_gauss__log10_Amp": -5.221052343769498,
    "J1603-7202_dm_gauss__sigma": 89.78801241795388,
    "J1603-7202_dm_gauss__t0": 53922.29292880654,
    "J1603-7202_dm_gp_gamma": 1.9354658353759382,
    "J1603-7202_dm_gp_log10_A": -13.064143022115482,
    "J1603-7202_red_noise_gamma": 0.22205928773690828,
    "J1603-7202_red_noise_log10_A": -12.937288089337498,
    "nmodel": 0.3399993050655574
}