{
    "J1600-3053_CASPSR_40CM_efac": 1.247716916908073,
    "J1600-3053_CASPSR_40CM_log10_equad": -8.092993162844094,
    "J1600-3053_CPSR2_20CM_efac": 1.0177161263665677,
    "J1600-3053_CPSR2_20CM_log10_equad": -6.607506636277151,
    "J1600-3053_CPSR2_50CM_efac": 1.1664618352129428,
    "J1600-3053_CPSR2_50CM_log10_equad": -7.557998844706334,
    "J1600-3053_PDFB1_10CM_efac": 0.8960255676927682,
    "J1600-3053_PDFB1_10CM_log10_equad": -8.41205878382387,
    "J1600-3053_PDFB1_1433_efac": 1.0874867754338031,
    "J1600-3053_PDFB1_1433_log10_equad": -6.154077042242373,
    "J1600-3053_PDFB1_20CM_efac": 0.977369635581816,
    "J1600-3053_PDFB1_20CM_log10_equad": -7.272262522296856,
    "J1600-3053_PDFB1_early_10CM_efac": 0.9514808595656071,
    "J1600-3053_PDFB1_early_10CM_log10_equad": -7.209835364953808,
    "J1600-3053_PDFB1_early_20CM_efac": 1.1050647613671463,
    "J1600-3053_PDFB1_early_20CM_log10_equad": -6.084308799306056,
    "J1600-3053_PDFB_10CM_efac": 1.0491662517933442,
    "J1600-3053_PDFB_10CM_log10_equad": -8.291229043951567,
    "J1600-3053_PDFB_20CM_efac": 1.0361784608287816,
    "J1600-3053_PDFB_20CM_log10_equad": -8.419903949597908,
    "J1600-3053_PDFB_40CM_efac": 1.0519113459024956,
    "J1600-3053_PDFB_40CM_log10_equad": -8.261133042536969,
    "J1600-3053_WBCORR_10CM_efac": 1.394701440496316,
    "J1600-3053_WBCORR_10CM_log10_equad": -8.159263270055177,
    "J1600-3053_dm_gp_gamma": 2.038035694144102,
    "J1600-3053_dm_gp_log10_A": -13.104800327820577,
    "J1600-3053_red_noise_gamma": 0.07000930413098669,
    "J1600-3053_red_noise_log10_A": -13.61072330681809,
    "nmodel": 0.16000123588789494
}