{
    "J1643-1224_CASPSR_40CM_efac": 1.1793853975608708,
    "J1643-1224_CASPSR_40CM_log10_equad": -7.979501163717816,
    "J1643-1224_CPSR2_20CM_efac": 1.0594147724639336,
    "J1643-1224_CPSR2_20CM_log10_equad": -6.189505221027041,
    "J1643-1224_CPSR2_50CM_efac": 1.0758217857735426,
    "J1643-1224_CPSR2_50CM_log10_equad": -5.507468925923046,
    "J1643-1224_PDFB1_10CM_efac": 1.1122455080992217,
    "J1643-1224_PDFB1_10CM_log10_equad": -6.512933700256911,
    "J1643-1224_PDFB1_1433_efac": 1.156633206428383,
    "J1643-1224_PDFB1_1433_log10_equad": -5.515699189352157,
    "J1643-1224_PDFB1_20CM_efac": 1.081331231440165,
    "J1643-1224_PDFB1_20CM_log10_equad": -7.287584689054166,
    "J1643-1224_PDFB1_early_10CM_efac": 0.9412018420609112,
    "J1643-1224_PDFB1_early_10CM_log10_equad": -7.4240397748521065,
    "J1643-1224_PDFB1_early_20CM_efac": 1.130174128700332,
    "J1643-1224_PDFB1_early_20CM_log10_equad": -7.120913273985533,
    "J1643-1224_PDFB_10CM_efac": 1.082745559787835,
    "J1643-1224_PDFB_10CM_log10_equad": -8.417562022641997,
    "J1643-1224_PDFB_20CM_efac": 1.117669847526225,
    "J1643-1224_PDFB_20CM_log10_equad": -6.378111500603296,
    "J1643-1224_PDFB_40CM_efac": 1.1147877077285369,
    "J1643-1224_PDFB_40CM_log10_equad": -5.818646423783756,
    "J1643-1224_WBCORR_10CM_efac": 0.9601445585943085,
    "J1643-1224_WBCORR_10CM_log10_equad": -5.363821104224762,
    "J1643-1224_dm_gp_gamma": 2.4939268171846276,
    "J1643-1224_dm_gp_log10_A": -12.595225607635674,
    "J1643-1224_magnexp_1_idx": -0.8171231636071394,
    "J1643-1224_magnexp_1_log10_Amp": -4.9553519063041325,
    "J1643-1224_magnexp_1_log10_tau": 2.0977016961093966,
    "J1643-1224_magnexp_1_t0": 57087.67662349915,
    "J1643-1224_red_noise_gamma": 1.8016875051886523,
    "J1643-1224_red_noise_log10_A": -12.600867113557303,
    "nmodel": -0.4499982767708788
}