{
    "J1713+0747_CASPSR_40CM_efac": 1.1462067413763033,
    "J1713+0747_CASPSR_40CM_log10_equad": -6.4192046913837135,
    "J1713+0747_CPSR2_20CM_efac": 1.0720356787232626,
    "J1713+0747_CPSR2_20CM_log10_equad": -8.363590004097054,
    "J1713+0747_CPSR2_50CM_efac": 1.068924501333247,
    "J1713+0747_CPSR2_50CM_log10_equad": -6.104315820414234,
    "J1713+0747_PDFB1_10CM_efac": 1.1024255143021493,
    "J1713+0747_PDFB1_10CM_log10_equad": -7.980178634650054,
    "J1713+0747_PDFB1_1433_efac": 1.1965329509499973,
    "J1713+0747_PDFB1_1433_log10_equad": -6.943339610008724,
    "J1713+0747_PDFB1_20CM_efac": 0.975977523796832,
    "J1713+0747_PDFB1_20CM_log10_equad": -7.084265757947145,
    "J1713+0747_PDFB1_early_10CM_efac": 0.9884325661991835,
    "J1713+0747_PDFB1_early_10CM_log10_equad": -6.582891295512581,
    "J1713+0747_PDFB1_early_20CM_efac": 1.1221908919009007,
    "J1713+0747_PDFB1_early_20CM_log10_equad": -6.654390756888822,
    "J1713+0747_PDFB_10CM_efac": 1.0463096893490813,
    "J1713+0747_PDFB_10CM_log10_equad": -7.26924592596054,
    "J1713+0747_PDFB_20CM_efac": 1.0506991708408997,
    "J1713+0747_PDFB_20CM_log10_equad": -7.360527484404161,
    "J1713+0747_PDFB_40CM_efac": 1.041688488943604,
    "J1713+0747_PDFB_40CM_log10_equad": -8.457968071857511,
    "J1713+0747_WBCORR_10CM_efac": 1.1138364917370527,
    "J1713+0747_WBCORR_10CM_log10_equad": -6.512222929968406,
    "J1713+0747_dm_gp_gamma": 1.5685082057742266,
    "J1713+0747_dm_gp_log10_A": -13.655410970576721,
    "J1713+0747_dmexp_0_log10_Amp": -5.731995571677052,
    "J1713+0747_dmexp_0_log10_tau": 1.8353274631020442,
    "J1713+0747_dmexp_0_t0": 54764.53102066882,
    "J1713+0747_dmexp_1_log10_Amp": -5.765178154747466,
    "J1713+0747_dmexp_1_log10_tau": 1.3003968982256877,
    "J1713+0747_dmexp_1_t0": 57500.00101639065,
    "J1713+0747_red_noise_gamma": 2.3181123490636963,
    "J1713+0747_red_noise_log10_A": -13.885316662208407,
    "nmodel": 0.020007224516914057
}