{
    "J1732-5049_PDFB1_10CM_efac": 1.6692067779325348,
    "J1732-5049_PDFB1_10CM_log10_equad": -5.035004032629239,
    "J1732-5049_PDFB1_20CM_efac": 1.1227765642770604,
    "J1732-5049_PDFB1_20CM_log10_equad": -7.086981575568026,
    "J1732-5049_PDFB1_early_10CM_efac": 1.0092017492998582,
    "J1732-5049_PDFB1_early_10CM_log10_equad": -5.105001535672242,
    "J1732-5049_PDFB1_early_20CM_efac": 0.9135927920608702,
    "J1732-5049_PDFB1_early_20CM_log10_equad": -5.9925018239321615,
    "J1732-5049_PDFB_10CM_efac": 0.873898909735739,
    "J1732-5049_PDFB_10CM_log10_equad": -7.126136400081453,
    "J1732-5049_PDFB_20CM_efac": 0.9980276696702222,
    "J1732-5049_PDFB_20CM_log10_equad": -8.440260766931686,
    "J1732-5049_PDFB_40CM_efac": 0.9146816880743451,
    "J1732-5049_PDFB_40CM_log10_equad": -5.214361834186564,
    "J1732-5049_WBCORR_10CM_efac": 1.0518147494976404,
    "J1732-5049_WBCORR_10CM_log10_equad": -5.105023699682889,
    "J1732-5049_dm_gp_gamma": 0.6999943236303549,
    "J1732-5049_dm_gp_log10_A": -12.658192312710716,
    "J1732-5049_red_noise_gamma": 0.14001407466658,
    "J1732-5049_red_noise_log10_A": -12.698895374651709,
    "nmodel": 0.26999872273278425
}