{
    "J1730-2304_CASPSR_40CM_efac": 1.151465454782806,
    "J1730-2304_CASPSR_40CM_log10_equad": -8.472165697113757,
    "J1730-2304_CPSR2_20CM_efac": 1.3230511289359037,
    "J1730-2304_CPSR2_20CM_log10_equad": -5.408073479368463,
    "J1730-2304_CPSR2_50CM_efac": 1.1124809095653931,
    "J1730-2304_CPSR2_50CM_log10_equad": -5.646472407700601,
    "J1730-2304_PDFB1_10CM_efac": 1.1699063827921514,
    "J1730-2304_PDFB1_10CM_log10_equad": -5.421638993786466,
    "J1730-2304_PDFB1_1433_efac": 0.8659984665851558,
    "J1730-2304_PDFB1_1433_log10_equad": -8.142654174729657,
    "J1730-2304_PDFB1_20CM_efac": 1.1250884054120232,
    "J1730-2304_PDFB1_20CM_log10_equad": -6.1662374057572436,
    "J1730-2304_PDFB1_early_10CM_efac": 1.164124553172734,
    "J1730-2304_PDFB1_early_10CM_log10_equad": -7.498090734133013,
    "J1730-2304_PDFB1_early_20CM_efac": 1.0598111346744237,
    "J1730-2304_PDFB1_early_20CM_log10_equad": -8.499980328632411,
    "J1730-2304_PDFB_10CM_efac": 1.064888545660904,
    "J1730-2304_PDFB_10CM_log10_equad": -7.077723641485935,
    "J1730-2304_PDFB_20CM_efac": 1.044910546783763,
    "J1730-2304_PDFB_20CM_log10_equad": -8.499996831867952,
    "J1730-2304_PDFB_40CM_efac": 1.1359519369103577,
    "J1730-2304_PDFB_40CM_log10_equad": -8.49997933486447,
    "J1730-2304_WBCORR_10CM_efac": 1.2631716796203767,
    "J1730-2304_WBCORR_10CM_log10_equad": -6.493685522861505,
    "J1730-2304_dm_gp_gamma": 2.5538284067818804,
    "J1730-2304_dm_gp_log10_A": -13.480242046333526,
    "J1730-2304_red_noise_gamma": 0.7700055687913537,
    "J1730-2304_red_noise_log10_A": -16.431139973352437,
    "nmodel": -0.3599992755479563
}