{
    "J1744-1134_CASPSR_40CM_efac": 1.2227912196756965,
    "J1744-1134_CASPSR_40CM_log10_equad": -7.896383157963771,
    "J1744-1134_CPSR2_20CM_efac": 1.3752166490150874,
    "J1744-1134_CPSR2_20CM_log10_equad": -5.883886163753997,
    "J1744-1134_CPSR2_50CM_efac": 1.1684556359683111,
    "J1744-1134_CPSR2_50CM_log10_equad": -6.450798330451574,
    "J1744-1134_PDFB1_10CM_efac": 1.0548012383050103,
    "J1744-1134_PDFB1_10CM_log10_equad": -6.995530780709862,
    "J1744-1134_PDFB1_1433_efac": 0.8948336576832326,
    "J1744-1134_PDFB1_1433_log10_equad": -6.741254391445999,
    "J1744-1134_PDFB1_20CM_efac": 1.2762524131572979,
    "J1744-1134_PDFB1_20CM_log10_equad": -7.86175456375258,
    "J1744-1134_PDFB1_early_10CM_efac": 1.0762750289332634,
    "J1744-1134_PDFB1_early_10CM_log10_equad": -7.820096434192996,
    "J1744-1134_PDFB1_early_20CM_efac": 1.1395819776915048,
    "J1744-1134_PDFB1_early_20CM_log10_equad": -7.444132168681961,
    "J1744-1134_PDFB_10CM_efac": 1.0186806136450366,
    "J1744-1134_PDFB_10CM_log10_equad": -7.019281745600865,
    "J1744-1134_PDFB_20CM_efac": 1.0449094764485138,
    "J1744-1134_PDFB_20CM_log10_equad": -6.849458881555727,
    "J1744-1134_PDFB_40CM_efac": 1.1180678752186353,
    "J1744-1134_PDFB_40CM_log10_equad": -7.1691076241944405,
    "J1744-1134_WBCORR_10CM_efac": 1.1753578045751605,
    "J1744-1134_WBCORR_10CM_log10_equad": -8.189307383694837,
    "J1744-1134_dm_gp_gamma": 1.1026528899091814,
    "J1744-1134_dm_gp_log10_A": -13.453763046912806,
    "J1744-1134_red_noise_gamma": 0.676360388673539,
    "J1744-1134_red_noise_log10_A": -13.320427798880953,
    "nmodel": -0.11000226173163413
}