{
    "J1824-2452A_CASPSR_40CM_efac": 1.4531258686050434,
    "J1824-2452A_CASPSR_40CM_log10_equad": -5.94444144498317,
    "J1824-2452A_CPSR2_20CM_efac": 1.0141924710584829,
    "J1824-2452A_CPSR2_20CM_log10_equad": -7.689902081889201,
    "J1824-2452A_CPSR2_50CM_efac": 1.16997048852634,
    "J1824-2452A_CPSR2_50CM_log10_equad": -7.633147889042367,
    "J1824-2452A_PDFB1_10CM_efac": 0.9161127207049371,
    "J1824-2452A_PDFB1_10CM_log10_equad": -5.804335802839152,
    "J1824-2452A_PDFB1_1433_efac": 0.7408354675080663,
    "J1824-2452A_PDFB1_1433_log10_equad": -6.068816900642352,
    "J1824-2452A_PDFB1_20CM_efac": 1.0299877799018593,
    "J1824-2452A_PDFB1_20CM_log10_equad": -5.94397297843118,
    "J1824-2452A_PDFB1_early_10CM_efac": 0.6973934454734817,
    "J1824-2452A_PDFB1_early_10CM_log10_equad": -5.870604733888853,
    "J1824-2452A_PDFB1_early_20CM_efac": 1.1001924135458094,
    "J1824-2452A_PDFB1_early_20CM_log10_equad": -5.747485703466292,
    "J1824-2452A_PDFB_10CM_efac": 1.3235417153883493,
    "J1824-2452A_PDFB_10CM_log10_equad": -5.847991687148626,
    "J1824-2452A_PDFB_20CM_efac": 1.128433509254192,
    "J1824-2452A_PDFB_20CM_log10_equad": -7.037572635369794,
    "J1824-2452A_PDFB_40CM_efac": 1.0908779440849055,
    "J1824-2452A_PDFB_40CM_log10_equad": -7.878009409693803,
    "J1824-2452A_WBCORR_10CM_efac": 2.4087329130418165,
    "J1824-2452A_WBCORR_10CM_log10_equad": -5.07000625471101,
    "J1824-2452A_dm_gp_gamma": 2.0719009621123883,
    "J1824-2452A_dm_gp_log10_A": -12.347234510220183,
    "J1824-2452A_red_noise_gamma": 2.3344322522284147,
    "J1824-2452A_red_noise_log10_A": -12.182846026329408,
    "nmodel": 0.4500000817777221
}