{
    "J1857+0943_CASPSR_40CM_efac": 1.0941978268247952,
    "J1857+0943_CASPSR_40CM_log10_equad": -7.8281106448382864,
    "J1857+0943_CPSR2_20CM_efac": 1.0967282541186367,
    "J1857+0943_CPSR2_20CM_log10_equad": -5.819142072061043,
    "J1857+0943_CPSR2_50CM_efac": 1.0230559820858103,
    "J1857+0943_CPSR2_50CM_log10_equad": -7.815741978584444,
    "J1857+0943_PDFB1_10CM_efac": 1.106215911914159,
    "J1857+0943_PDFB1_10CM_log10_equad": -7.863822347509815,
    "J1857+0943_PDFB1_1433_efac": 1.0252933962722333,
    "J1857+0943_PDFB1_1433_log10_equad": -6.375856017983711,
    "J1857+0943_PDFB1_20CM_efac": 1.2295372237341884,
    "J1857+0943_PDFB1_20CM_log10_equad": -6.62271512213989,
    "J1857+0943_PDFB1_early_10CM_efac": 1.4232915536221866,
    "J1857+0943_PDFB1_early_10CM_log10_equad": -5.490175982976866,
    "J1857+0943_PDFB1_early_20CM_efac": 1.0761018019995157,
    "J1857+0943_PDFB1_early_20CM_log10_equad": -6.232593334767042,
    "J1857+0943_PDFB_10CM_efac": 1.1083405071090722,
    "J1857+0943_PDFB_10CM_log10_equad": -6.35723805135175,
    "J1857+0943_PDFB_20CM_efac": 1.0972152350981244,
    "J1857+0943_PDFB_20CM_log10_equad": -7.551314055557751,
    "J1857+0943_PDFB_40CM_efac": 1.0827070516932664,
    "J1857+0943_PDFB_40CM_log10_equad": -8.407479269880094,
    "J1857+0943_WBCORR_10CM_efac": 0.9236422274043987,
    "J1857+0943_WBCORR_10CM_log10_equad": -7.081827068709906,
    "J1857+0943_dm_gp_gamma": 2.4893802607435322,
    "J1857+0943_dm_gp_log10_A": -13.380532355896655,
    "J1857+0943_red_noise_gamma": 6.8176463437565715,
    "J1857+0943_red_noise_log10_A": -15.15931356305713,
    "nmodel": 0.11000151949339532
}