{
    "J1909-3744_CASPSR_40CM_efac": 1.1262045763534234,
    "J1909-3744_CASPSR_40CM_log10_equad": -7.07974273503529,
    "J1909-3744_CPSR2_20CM_efac": 1.0293546585826447,
    "J1909-3744_CPSR2_20CM_log10_equad": -7.256512571752766,
    "J1909-3744_CPSR2_50CM_efac": 1.094611437827763,
    "J1909-3744_CPSR2_50CM_log10_equad": -7.0429705837886125,
    "J1909-3744_PDFB1_10CM_efac": 1.0040531744679435,
    "J1909-3744_PDFB1_10CM_log10_equad": -8.466606026999557,
    "J1909-3744_PDFB1_1433_efac": 1.1890766544213511,
    "J1909-3744_PDFB1_1433_log10_equad": -6.750432364920799,
    "J1909-3744_PDFB1_20CM_efac": 1.0463582370192082,
    "J1909-3744_PDFB1_20CM_log10_equad": -7.585959482778703,
    "J1909-3744_PDFB1_early_10CM_efac": 1.111073607168888,
    "J1909-3744_PDFB1_early_10CM_log10_equad": -8.475799876453646,
    "J1909-3744_PDFB1_early_20CM_efac": 1.046113830301235,
    "J1909-3744_PDFB1_early_20CM_log10_equad": -7.043711012024497,
    "J1909-3744_PDFB_10CM_efac": 1.0203819262938238,
    "J1909-3744_PDFB_10CM_log10_equad": -7.391051555406101,
    "J1909-3744_PDFB_20CM_efac": 1.0591964974779497,
    "J1909-3744_PDFB_20CM_log10_equad": -7.463406786681249,
    "J1909-3744_PDFB_40CM_efac": 1.035192162502784,
    "J1909-3744_PDFB_40CM_log10_equad": -6.804099102580659,
    "J1909-3744_WBCORR_10CM_efac": 1.2431805667808882,
    "J1909-3744_WBCORR_10CM_log10_equad": -7.041132597693308,
    "J1909-3744_dm_gp_gamma": 1.2650942707025625,
    "J1909-3744_dm_gp_log10_A": -13.654995239998897,
    "J1909-3744_red_noise_gamma": 1.542990654488415,
    "J1909-3744_red_noise_log10_A": -13.703156837299312,
    "nmodel": 0.1299913286549218
}