{
    "J1939+2134_CASPSR_40CM_efac": 1.1230971095765947,
    "J1939+2134_CASPSR_40CM_log10_equad": -6.514466687516308,
    "J1939+2134_CPSR2_20CM_efac": 1.0254615059868655,
    "J1939+2134_CPSR2_20CM_log10_equad": -6.9027993589707535,
    "J1939+2134_CPSR2_50CM_efac": 2.9132216995503395,
    "J1939+2134_CPSR2_50CM_log10_equad": -6.793942374712664,
    "J1939+2134_PDFB1_10CM_efac": 1.2052043074927066,
    "J1939+2134_PDFB1_10CM_log10_equad": -6.285826540689481,
    "J1939+2134_PDFB1_20CM_efac": 0.614886125539881,
    "J1939+2134_PDFB1_20CM_log10_equad": -6.595880130334093,
    "J1939+2134_PDFB1_early_10CM_efac": 1.0925349232897015,
    "J1939+2134_PDFB1_early_10CM_log10_equad": -7.628857408723707,
    "J1939+2134_PDFB1_early_20CM_efac": 1.1450758053390513,
    "J1939+2134_PDFB1_early_20CM_log10_equad": -6.258062240069394,
    "J1939+2134_PDFB_10CM_efac": 0.99754332515901,
    "J1939+2134_PDFB_10CM_log10_equad": -6.846602343646866,
    "J1939+2134_PDFB_20CM_efac": 0.8350829760591847,
    "J1939+2134_PDFB_20CM_log10_equad": -7.01412522724581,
    "J1939+2134_PDFB_40CM_efac": 1.1645832258861166,
    "J1939+2134_PDFB_40CM_log10_equad": -6.349677804005341,
    "J1939+2134_WBCORR_10CM_efac": 1.237757986138704,
    "J1939+2134_WBCORR_10CM_log10_equad": -5.49998295504532,
    "J1939+2134_dm_gp_gamma": 2.531743416373277,
    "J1939+2134_dm_gp_log10_A": -12.888283060716306,
    "J1939+2134_red_noise_gamma": 2.472683263482519,
    "J1939+2134_red_noise_log10_A": -13.119760915307685,
    "nmodel": 0.40000104292654015
}