{
    "J2129-5721_CASPSR_40CM_efac": 0.9980951481750092,
    "J2129-5721_CASPSR_40CM_log10_equad": -7.9832563068850355,
    "J2129-5721_CPSR2_20CM_efac": 0.8967214579305574,
    "J2129-5721_CPSR2_20CM_log10_equad": -5.803992176363883,
    "J2129-5721_CPSR2_50CM_efac": 1.0144731526042663,
    "J2129-5721_CPSR2_50CM_log10_equad": -5.9287187180210275,
    "J2129-5721_PDFB1_10CM_efac": 0.7091856373369081,
    "J2129-5721_PDFB1_10CM_log10_equad": -5.490002966242326,
    "J2129-5721_PDFB1_1433_efac": 1.1654541492582273,
    "J2129-5721_PDFB1_1433_log10_equad": -5.350039803196205,
    "J2129-5721_PDFB1_20CM_efac": 1.1356707106507375,
    "J2129-5721_PDFB1_20CM_log10_equad": -6.618141541911934,
    "J2129-5721_PDFB1_early_20CM_efac": 1.068579168343808,
    "J2129-5721_PDFB1_early_20CM_log10_equad": -6.644449477961328,
    "J2129-5721_PDFB_10CM_efac": 1.4066803238151133,
    "J2129-5721_PDFB_10CM_log10_equad": -6.785244618231018,
    "J2129-5721_PDFB_20CM_efac": 1.034291605061613,
    "J2129-5721_PDFB_20CM_log10_equad": -6.560528271716375,
    "J2129-5721_PDFB_40CM_efac": 1.024023368837332,
    "J2129-5721_PDFB_40CM_log10_equad": -6.311554578891393,
    "J2129-5721_dm_gp_gamma": 1.6002599510793383,
    "J2129-5721_dm_gp_log10_A": -13.463833028551617,
    "J2129-5721_red_noise_gamma": 2.590000918352054,
    "J2129-5721_red_noise_log10_A": -13.476574534015711,
    "nmodel": 0.34999833113198253
}