{
    "J2124-3358_CASPSR_40CM_efac": 1.2604266243656816,
    "J2124-3358_CASPSR_40CM_log10_equad": -7.9714531083647575,
    "J2124-3358_CPSR2_20CM_efac": 1.6464956352198181,
    "J2124-3358_CPSR2_20CM_log10_equad": -5.481859238326976,
    "J2124-3358_CPSR2_50CM_efac": 1.0995650673413009,
    "J2124-3358_CPSR2_50CM_log10_equad": -6.018751570902852,
    "J2124-3358_PDFB1_10CM_efac": 0.945204156004092,
    "J2124-3358_PDFB1_10CM_log10_equad": -5.035013277963451,
    "J2124-3358_PDFB1_1433_efac": 1.0337402121452333,
    "J2124-3358_PDFB1_1433_log10_equad": -7.84672402599668,
    "J2124-3358_PDFB1_20CM_efac": 1.5348645737219202,
    "J2124-3358_PDFB1_20CM_log10_equad": -7.375991831599265,
    "J2124-3358_PDFB1_early_10CM_efac": 0.5868115801279105,
    "J2124-3358_PDFB1_early_10CM_log10_equad": -5.175009378917143,
    "J2124-3358_PDFB1_early_20CM_efac": 0.9808747234338837,
    "J2124-3358_PDFB1_early_20CM_log10_equad": -5.879000695354654,
    "J2124-3358_PDFB_10CM_efac": 1.0781618904158237,
    "J2124-3358_PDFB_10CM_log10_equad": -7.7807266362723855,
    "J2124-3358_PDFB_20CM_efac": 1.2946154513260342,
    "J2124-3358_PDFB_20CM_log10_equad": -7.545889833329402,
    "J2124-3358_PDFB_40CM_efac": 1.1955343288271185,
    "J2124-3358_PDFB_40CM_log10_equad": -6.047831974985344,
    "J2124-3358_WBCORR_10CM_efac": 1.0700349409175272,
    "J2124-3358_WBCORR_10CM_log10_equad": -5.035003760100348,
    "J2124-3358_dm_gp_gamma": 1.3999160882023145,
    "J2124-3358_dm_gp_log10_A": -13.463695620511462,
    "J2124-3358_red_noise_gamma": 6.929989132324129,
    "J2124-3358_red_noise_log10_A": -13.125734955463745,
    "nmodel": -0.1899998880985399
}