{
    "J2145-0750_CASPSR_40CM_efac": 1.2449604102586371,
    "J2145-0750_CASPSR_40CM_log10_equad": -7.889217503567622,
    "J2145-0750_CPSR2_20CM_efac": 1.2067520443315334,
    "J2145-0750_CPSR2_20CM_log10_equad": -5.4622018320570245,
    "J2145-0750_CPSR2_50CM_efac": 1.1177786476428815,
    "J2145-0750_CPSR2_50CM_log10_equad": -5.9054543140358025,
    "J2145-0750_PDFB1_10CM_efac": 1.0413726244869093,
    "J2145-0750_PDFB1_10CM_log10_equad": -8.326505234384028,
    "J2145-0750_PDFB1_1433_efac": 1.1437995145366133,
    "J2145-0750_PDFB1_1433_log10_equad": -6.516356471318407,
    "J2145-0750_PDFB1_20CM_efac": 1.1270550212108004,
    "J2145-0750_PDFB1_20CM_log10_equad": -6.1525721294834295,
    "J2145-0750_PDFB1_early_10CM_efac": 1.0155947779397094,
    "J2145-0750_PDFB1_early_10CM_log10_equad": -5.183949155020269,
    "J2145-0750_PDFB1_early_20CM_efac": 1.0302288028680222,
    "J2145-0750_PDFB1_early_20CM_log10_equad": -8.067617237868687,
    "J2145-0750_PDFB_10CM_efac": 1.044189565013569,
    "J2145-0750_PDFB_10CM_log10_equad": -7.766352000245276,
    "J2145-0750_PDFB_20CM_efac": 1.1513859791461882,
    "J2145-0750_PDFB_20CM_log10_equad": -8.10305257286837,
    "J2145-0750_PDFB_40CM_efac": 1.1307693756149226,
    "J2145-0750_PDFB_40CM_log10_equad": -7.352897204553958,
    "J2145-0750_WBCORR_10CM_efac": 1.2365601683424243,
    "J2145-0750_WBCORR_10CM_log10_equad": -7.369247242337602,
    "J2145-0750_dm_gp_gamma": 0.695091531113942,
    "J2145-0750_dm_gp_log10_A": -13.290153246526616,
    "J2145-0750_red_noise_gamma": 0.8011209271403532,
    "J2145-0750_red_noise_log10_A": -12.95991227446887,
    "nmodel": 0.08999801124279028
}