{
    "J2241-5236_CASPSR_40CM_efac": 1.25119342407321,
    "J2241-5236_CASPSR_40CM_log10_equad": -6.523667674370011,
    "J2241-5236_PDFB_10CM_efac": 1.0611038608539747,
    "J2241-5236_PDFB_10CM_log10_equad": -6.31874380023641,
    "J2241-5236_PDFB_20CM_efac": 1.082479499909519,
    "J2241-5236_PDFB_20CM_log10_equad": -6.873156828034336,
    "J2241-5236_PDFB_40CM_efac": 1.047428505213636,
    "J2241-5236_PDFB_40CM_log10_equad": -7.121106098462415,
    "J2241-5236_dm_gp_gamma": 1.2382764950985665,
    "J2241-5236_dm_gp_log10_A": -13.841183425477379,
    "J2241-5236_red_noise_gamma": 1.062665959258842,
    "J2241-5236_red_noise_log10_A": -13.395523589494005,
    "nmodel": 0.20999870081152539
}